{
  "name": "IntelliJ IDEA",
  "version": "2025.1",
  "buildNumber": "251.23774.435",
  "productCode": "IC",
  "envVarBaseName": "IDEA",
  "dataDirectoryName": "IdeaIC2025.1",
  "svgIconPath": "bin/idea.svg",
  "productVendor": "JetBrains",
  "launch": [
    {
      "os": "Linux",
      "arch": "amd64",
      "launcherPath": "bin/idea",
      "javaExecutablePath": "jbr/bin/java",
      "vmOptionsFilePath": "bin/idea64.vmoptions",
      "startupWmClass": "jetbrains-idea-ce",
      "bootClassPathJarNames": [
        "platform-loader.jar",
        "util-8.jar",
        "util.jar",
        "app-client.jar",
        "util_rt.jar",
        "lib-client.jar",
        "trove.jar",
        "app.jar",
        "opentelemetry.jar",
        "jps-model.jar",
        "stats.jar",
        "rd.jar",
        "external-system-rt.jar",
        "protobuf.jar",
        "bouncy-castle.jar",
        "intellij-test-discovery.jar",
        "forms_rt.jar",
        "lib.jar",
        "externalProcess-rt.jar",
        "groovy.jar",
        "annotations.jar",
        "idea_rt.jar",
        "jsch-agent.jar",
        "kotlinx-coroutines-slf4j-1.8.0-intellij.jar"
      ],
      "additionalJvmArguments": [
        "-Xbootclasspath/a:$IDE_HOME/lib/nio-fs.jar",
        "-Djava.system.class.loader=com.intellij.util.lang.PathClassLoader",
        "-Didea.vendor.name=JetBrains",
        "-Didea.paths.selector=IdeaIC2025.1",
        "-Djna.boot.library.path=$IDE_HOME/lib/jna/amd64",
        "-Djna.nosys=true",
        "-Djna.noclasspath=true",
        "-Dpty4j.preferred.native.folder=$IDE_HOME/lib/pty4j",
        "-Dio.netty.allocator.type=pooled",
        "-Dintellij.platform.runtime.repository.path=$IDE_HOME/modules/module-descriptors.jar",
        "-Didea.platform.prefix=Idea",
        "-Dsplash=true",
        "-Daether.connector.resumeDownloads=false",
        "-Dcompose.swing.render.on.graphics=true",
        "--add-opens=java.base/java.io=ALL-UNNAMED",
        "--add-opens=java.base/java.lang=ALL-UNNAMED",
        "--add-opens=java.base/java.lang.ref=ALL-UNNAMED",
        "--add-opens=java.base/java.lang.reflect=ALL-UNNAMED",
        "--add-opens=java.base/java.net=ALL-UNNAMED",
        "--add-opens=java.base/java.nio=ALL-UNNAMED",
        "--add-opens=java.base/java.nio.charset=ALL-UNNAMED",
        "--add-opens=java.base/java.text=ALL-UNNAMED",
        "--add-opens=java.base/java.time=ALL-UNNAMED",
        "--add-opens=java.base/java.util=ALL-UNNAMED",
        "--add-opens=java.base/java.util.concurrent=ALL-UNNAMED",
        "--add-opens=java.base/java.util.concurrent.atomic=ALL-UNNAMED",
        "--add-opens=java.base/java.util.concurrent.locks=ALL-UNNAMED",
        "--add-opens=java.base/jdk.internal.vm=ALL-UNNAMED",
        "--add-opens=java.base/sun.net.dns=ALL-UNNAMED",
        "--add-opens=java.base/sun.nio.ch=ALL-UNNAMED",
        "--add-opens=java.base/sun.nio.fs=ALL-UNNAMED",
        "--add-opens=java.base/sun.security.ssl=ALL-UNNAMED",
        "--add-opens=java.base/sun.security.util=ALL-UNNAMED",
        "--add-opens=java.desktop/com.sun.java.swing=ALL-UNNAMED",
        "--add-opens=java.desktop/com.sun.java.swing.plaf.gtk=ALL-UNNAMED",
        "--add-opens=java.desktop/java.awt=ALL-UNNAMED",
        "--add-opens=java.desktop/java.awt.dnd.peer=ALL-UNNAMED",
        "--add-opens=java.desktop/java.awt.event=ALL-UNNAMED",
        "--add-opens=java.desktop/java.awt.font=ALL-UNNAMED",
        "--add-opens=java.desktop/java.awt.image=ALL-UNNAMED",
        "--add-opens=java.desktop/java.awt.peer=ALL-UNNAMED",
        "--add-opens=java.desktop/javax.swing=ALL-UNNAMED",
        "--add-opens=java.desktop/javax.swing.plaf.basic=ALL-UNNAMED",
        "--add-opens=java.desktop/javax.swing.text=ALL-UNNAMED",
        "--add-opens=java.desktop/javax.swing.text.html=ALL-UNNAMED",
        "--add-opens=java.desktop/sun.awt=ALL-UNNAMED",
        "--add-opens=java.desktop/sun.awt.X11=ALL-UNNAMED",
        "--add-opens=java.desktop/sun.awt.datatransfer=ALL-UNNAMED",
        "--add-opens=java.desktop/sun.awt.image=ALL-UNNAMED",
        "--add-opens=java.desktop/sun.font=ALL-UNNAMED",
        "--add-opens=java.desktop/sun.java2d=ALL-UNNAMED",
        "--add-opens=java.desktop/sun.swing=ALL-UNNAMED",
        "--add-opens=java.management/sun.management=ALL-UNNAMED",
        "--add-opens=jdk.attach/sun.tools.attach=ALL-UNNAMED",
        "--add-opens=jdk.compiler/com.sun.tools.javac.api=ALL-UNNAMED",
        "--add-opens=jdk.internal.jvmstat/sun.jvmstat.monitor=ALL-UNNAMED",
        "--add-opens=jdk.jdi/com.sun.tools.jdi=ALL-UNNAMED"
      ],
      "mainClass": "com.intellij.idea.Main",
      "customCommands": [
        {
          "commands": [
            "thinClient",
            "thinClient-headless",
            "installFrontendPlugins"
          ],
          "vmOptionsFilePath": "bin/jetbrains_client64.vmoptions",
          "bootClassPathJarNames": [
            "platform-loader.jar"
          ],
          "additionalJvmArguments": [
            "-Djava.system.class.loader=com.intellij.util.lang.PathClassLoader",
            "-Didea.vendor.name=JetBrains",
            "-Didea.paths.selector=IdeaIC2025.1",
            "-Djna.boot.library.path=$IDE_HOME/lib/jna/amd64",
            "-Djna.nosys=true",
            "-Djna.noclasspath=true",
            "-Dpty4j.preferred.native.folder=$IDE_HOME/lib/pty4j",
            "-Dio.netty.allocator.type=pooled",
            "-Dintellij.platform.runtime.repository.path=$IDE_HOME/modules/module-descriptors.jar",
            "-Dintellij.platform.root.module=intellij.idea.frontend.split",
            "-Dintellij.platform.product.mode=frontend",
            "-Didea.platform.prefix=JetBrainsClient",
            "-Dide.no.platform.update=true",
            "-Didea.initially.ask.config=never",
            "-Dnosplash=true",
            "-Didea.paths.customizer=com.intellij.platform.ide.impl.startup.multiProcess.FrontendProcessPathCustomizer",
            "-Dintellij.platform.full.ide.product.code=IC",
            "-Dsplash=true",
            "-Daether.connector.resumeDownloads=false",
            "-Dcompose.swing.render.on.graphics=true",
            "--add-opens=java.base/java.io=ALL-UNNAMED",
            "--add-opens=java.base/java.lang=ALL-UNNAMED",
            "--add-opens=java.base/java.lang.ref=ALL-UNNAMED",
            "--add-opens=java.base/java.lang.reflect=ALL-UNNAMED",
            "--add-opens=java.base/java.net=ALL-UNNAMED",
            "--add-opens=java.base/java.nio=ALL-UNNAMED",
            "--add-opens=java.base/java.nio.charset=ALL-UNNAMED",
            "--add-opens=java.base/java.text=ALL-UNNAMED",
            "--add-opens=java.base/java.time=ALL-UNNAMED",
            "--add-opens=java.base/java.util=ALL-UNNAMED",
            "--add-opens=java.base/java.util.concurrent=ALL-UNNAMED",
            "--add-opens=java.base/java.util.concurrent.atomic=ALL-UNNAMED",
            "--add-opens=java.base/java.util.concurrent.locks=ALL-UNNAMED",
            "--add-opens=java.base/jdk.internal.vm=ALL-UNNAMED",
            "--add-opens=java.base/sun.net.dns=ALL-UNNAMED",
            "--add-opens=java.base/sun.nio.ch=ALL-UNNAMED",
            "--add-opens=java.base/sun.nio.fs=ALL-UNNAMED",
            "--add-opens=java.base/sun.security.ssl=ALL-UNNAMED",
            "--add-opens=java.base/sun.security.util=ALL-UNNAMED",
            "--add-opens=java.desktop/com.sun.java.swing=ALL-UNNAMED",
            "--add-opens=java.desktop/com.sun.java.swing.plaf.gtk=ALL-UNNAMED",
            "--add-opens=java.desktop/java.awt=ALL-UNNAMED",
            "--add-opens=java.desktop/java.awt.dnd.peer=ALL-UNNAMED",
            "--add-opens=java.desktop/java.awt.event=ALL-UNNAMED",
            "--add-opens=java.desktop/java.awt.font=ALL-UNNAMED",
            "--add-opens=java.desktop/java.awt.image=ALL-UNNAMED",
            "--add-opens=java.desktop/java.awt.peer=ALL-UNNAMED",
            "--add-opens=java.desktop/javax.swing=ALL-UNNAMED",
            "--add-opens=java.desktop/javax.swing.plaf.basic=ALL-UNNAMED",
            "--add-opens=java.desktop/javax.swing.text=ALL-UNNAMED",
            "--add-opens=java.desktop/javax.swing.text.html=ALL-UNNAMED",
            "--add-opens=java.desktop/sun.awt=ALL-UNNAMED",
            "--add-opens=java.desktop/sun.awt.X11=ALL-UNNAMED",
            "--add-opens=java.desktop/sun.awt.datatransfer=ALL-UNNAMED",
            "--add-opens=java.desktop/sun.awt.image=ALL-UNNAMED",
            "--add-opens=java.desktop/sun.font=ALL-UNNAMED",
            "--add-opens=java.desktop/sun.java2d=ALL-UNNAMED",
            "--add-opens=java.desktop/sun.swing=ALL-UNNAMED",
            "--add-opens=java.management/sun.management=ALL-UNNAMED",
            "--add-opens=jdk.attach/sun.tools.attach=ALL-UNNAMED",
            "--add-opens=jdk.compiler/com.sun.tools.javac.api=ALL-UNNAMED",
            "--add-opens=jdk.internal.jvmstat/sun.jvmstat.monitor=ALL-UNNAMED",
            "--add-opens=jdk.jdi/com.sun.tools.jdi=ALL-UNNAMED",
            "-Dintellij.platform.load.app.info.from.resources=true"
          ],
          "mainClass": "com.intellij.platform.runtime.loader.IntellijLoader",
          "envVarBaseName": "JETBRAINS_CLIENT",
          "dataDirectoryName": "IdeaIC2025.1"
        },
        {
          "commands": [
            "qodana"
          ],
          "bootClassPathJarNames": [
            "platform-loader.jar",
            "util-8.jar",
            "util.jar",
            "app-client.jar",
            "util_rt.jar",
            "lib-client.jar",
            "trove.jar",
            "app.jar",
            "opentelemetry.jar",
            "jps-model.jar",
            "stats.jar",
            "rd.jar",
            "external-system-rt.jar",
            "protobuf.jar",
            "bouncy-castle.jar",
            "intellij-test-discovery.jar",
            "forms_rt.jar",
            "lib.jar",
            "externalProcess-rt.jar",
            "groovy.jar",
            "annotations.jar",
            "idea_rt.jar",
            "jsch-agent.jar",
            "kotlinx-coroutines-slf4j-1.8.0-intellij.jar",
            "nio-fs.jar"
          ],
          "additionalJvmArguments": [
            "-Djava.system.class.loader=com.intellij.util.lang.PathClassLoader",
            "-Didea.vendor.name=JetBrains",
            "-Didea.paths.selector=IdeaIC2025.1",
            "-Djna.boot.library.path=$IDE_HOME/lib/jna/amd64",
            "-Djna.nosys=true",
            "-Djna.noclasspath=true",
            "-Dpty4j.preferred.native.folder=$IDE_HOME/lib/pty4j",
            "-Dio.netty.allocator.type=pooled",
            "-Dintellij.platform.runtime.repository.path=$IDE_HOME/modules/module-descriptors.jar",
            "-Didea.platform.prefix=Idea",
            "-Dsplash=true",
            "-Daether.connector.resumeDownloads=false",
            "-Dcompose.swing.render.on.graphics=true",
            "--add-opens=java.base/java.io=ALL-UNNAMED",
            "--add-opens=java.base/java.lang=ALL-UNNAMED",
            "--add-opens=java.base/java.lang.ref=ALL-UNNAMED",
            "--add-opens=java.base/java.lang.reflect=ALL-UNNAMED",
            "--add-opens=java.base/java.net=ALL-UNNAMED",
            "--add-opens=java.base/java.nio=ALL-UNNAMED",
            "--add-opens=java.base/java.nio.charset=ALL-UNNAMED",
            "--add-opens=java.base/java.text=ALL-UNNAMED",
            "--add-opens=java.base/java.time=ALL-UNNAMED",
            "--add-opens=java.base/java.util=ALL-UNNAMED",
            "--add-opens=java.base/java.util.concurrent=ALL-UNNAMED",
            "--add-opens=java.base/java.util.concurrent.atomic=ALL-UNNAMED",
            "--add-opens=java.base/java.util.concurrent.locks=ALL-UNNAMED",
            "--add-opens=java.base/jdk.internal.vm=ALL-UNNAMED",
            "--add-opens=java.base/sun.net.dns=ALL-UNNAMED",
            "--add-opens=java.base/sun.nio.ch=ALL-UNNAMED",
            "--add-opens=java.base/sun.nio.fs=ALL-UNNAMED",
            "--add-opens=java.base/sun.security.ssl=ALL-UNNAMED",
            "--add-opens=java.base/sun.security.util=ALL-UNNAMED",
            "--add-opens=java.desktop/com.sun.java.swing=ALL-UNNAMED",
            "--add-opens=java.desktop/com.sun.java.swing.plaf.gtk=ALL-UNNAMED",
            "--add-opens=java.desktop/java.awt=ALL-UNNAMED",
            "--add-opens=java.desktop/java.awt.dnd.peer=ALL-UNNAMED",
            "--add-opens=java.desktop/java.awt.event=ALL-UNNAMED",
            "--add-opens=java.desktop/java.awt.font=ALL-UNNAMED",
            "--add-opens=java.desktop/java.awt.image=ALL-UNNAMED",
            "--add-opens=java.desktop/java.awt.peer=ALL-UNNAMED",
            "--add-opens=java.desktop/javax.swing=ALL-UNNAMED",
            "--add-opens=java.desktop/javax.swing.plaf.basic=ALL-UNNAMED",
            "--add-opens=java.desktop/javax.swing.text=ALL-UNNAMED",
            "--add-opens=java.desktop/javax.swing.text.html=ALL-UNNAMED",
            "--add-opens=java.desktop/sun.awt=ALL-UNNAMED",
            "--add-opens=java.desktop/sun.awt.X11=ALL-UNNAMED",
            "--add-opens=java.desktop/sun.awt.datatransfer=ALL-UNNAMED",
            "--add-opens=java.desktop/sun.awt.image=ALL-UNNAMED",
            "--add-opens=java.desktop/sun.font=ALL-UNNAMED",
            "--add-opens=java.desktop/sun.java2d=ALL-UNNAMED",
            "--add-opens=java.desktop/sun.swing=ALL-UNNAMED",
            "--add-opens=java.management/sun.management=ALL-UNNAMED",
            "--add-opens=jdk.attach/sun.tools.attach=ALL-UNNAMED",
            "--add-opens=jdk.compiler/com.sun.tools.javac.api=ALL-UNNAMED",
            "--add-opens=jdk.internal.jvmstat/sun.jvmstat.monitor=ALL-UNNAMED",
            "--add-opens=jdk.jdi/com.sun.tools.jdi=ALL-UNNAMED",
            "-Dqodana.application=true",
            "-Dintellij.platform.load.app.info.from.resources=true",
            "-Dfus.internal.reduce.initial.delay=true",
            "-Didea.headless.statistics.max.files.to.send=5000",
            "-Djava.awt.headless=true",
            "-Didea.qodana.thirdpartyplugins.accept=true",
            "-Dide.warmup.use.predicates=false",
            "-Dvcs.log.index.enable=false",
            "-Didea.job.launcher.without.timeout=true",
            "-Dscanning.in.smart.mode=false",
            "-Deap.login.enabled=false",
            "-Dsdk.download.consent=true",
            "-Dide.activity.tracking.enable.debug=true",
            "-Deslint.service.expiration.timeout.ms=5000",
            "-Dphp.additional.library.manager.new.updater=true",
            "-Dqodana.product.name=Qodana Community for JVM",
            "-Dqodana.build.number=QDJVMC-251.23774.435",
            "-Dqodana.eap=true"
          ]
        }
      ]
    }
  ],
  "customProperties": [
    {
      "key": "source.git.revision",
      "value": "9b2a2c261c093"
    }
  ],
  "bundledPlugins": [
    "ByteCodeViewer",
    "Coverage",
    "Git4Idea",
    "HtmlTools",
    "JUnit",
    "PerforceDirectPlugin",
    "Subversion",
    "TestNG-J",
    "com.android.tools.gradle.dcl",
    "com.intellij",
    "com.intellij.completion.ml.ranking",
    "com.intellij.compose",
    "com.intellij.configurationScript",
    "com.intellij.copyright",
    "com.intellij.dev",
    "com.intellij.gradle",
    "com.intellij.ja",
    "com.intellij.java",
    "com.intellij.java-i18n",
    "com.intellij.java.ide",
    "com.intellij.ko",
    "com.intellij.marketplace",
    "com.intellij.marketplace.ml",
    "com.intellij.modules.json",
    "com.intellij.notebooks.core",
    "com.intellij.platform.images",
    "com.intellij.plugins.eclipsekeymap",
    "com.intellij.plugins.netbeanskeymap",
    "com.intellij.plugins.visualstudiokeymap",
    "com.intellij.properties",
    "com.intellij.searcheverywhere.ml",
    "com.intellij.settingsSync",
    "com.intellij.tasks",
    "com.intellij.turboComplete",
    "com.intellij.zh",
    "com.jetbrains.codeWithMe",
    "com.jetbrains.performancePlugin",
    "com.jetbrains.performancePlugin.async",
    "com.jetbrains.sh",
    "com.jetbrains.station",
    "hg4idea",
    "intellij.git.commit.modal",
    "intellij.indexing.shared.core",
    "intellij.jupyter",
    "intellij.platform.ijent.impl",
    "intellij.webp",
    "org.editorconfig.editorconfigjetbrains",
    "org.intellij.groovy",
    "org.intellij.intelliLang",
    "org.intellij.plugins.markdown",
    "org.intellij.qodana",
    "org.jetbrains.completion.full.line",
    "org.jetbrains.debugger.streams",
    "org.jetbrains.idea.eclipse",
    "org.jetbrains.idea.gradle.dsl",
    "org.jetbrains.idea.maven",
    "org.jetbrains.idea.maven.model",
    "org.jetbrains.idea.maven.server.api",
    "org.jetbrains.idea.reposearch",
    "org.jetbrains.java.decompiler",
    "org.jetbrains.kotlin",
    "org.jetbrains.platform.debugger.streams",
    "org.jetbrains.plugins.emojipicker",
    "org.jetbrains.plugins.github",
    "org.jetbrains.plugins.gitlab",
    "org.jetbrains.plugins.gradle",
    "org.jetbrains.plugins.gradle.analysis",
    "org.jetbrains.plugins.gradle.dependency.updater",
    "org.jetbrains.plugins.gradle.maven",
    "org.jetbrains.plugins.javaFX",
    "org.jetbrains.plugins.kotlin.jupyter",
    "org.jetbrains.plugins.terminal",
    "org.jetbrains.plugins.textmate",
    "org.jetbrains.plugins.yaml",
    "org.jetbrains.security.package-checker",
    "org.toml.lang",
    "tanvd.grazi",
    "training"
  ],
  "modules": [
    "com.intellij.java.frontback.impl",
    "com.intellij.java.frontback.psi.impl",
    "com.intellij.ml.inline.completion",
    "com.intellij.modules.all",
    "com.intellij.modules.coverage",
    "com.intellij.modules.externalSystem",
    "com.intellij.modules.gradle.java",
    "com.intellij.modules.idea",
    "com.intellij.modules.idea.community",
    "com.intellij.modules.java",
    "com.intellij.modules.java-capable",
    "com.intellij.modules.jsp.base",
    "com.intellij.modules.kotlin.k1",
    "com.intellij.modules.lang",
    "com.intellij.modules.os.linux",
    "com.intellij.modules.os.unix",
    "com.intellij.modules.os.xwindow",
    "com.intellij.modules.platform",
    "com.intellij.modules.profiler",
    "com.intellij.modules.python-core-capable",
    "com.intellij.modules.python-in-non-pycharm-ide-capable",
    "com.intellij.modules.remoteServers",
    "com.intellij.modules.structuralsearch",
    "com.intellij.modules.vcs",
    "com.intellij.modules.xdebugger",
    "com.intellij.modules.xml",
    "com.intellij.platform.experimental.backend",
    "com.intellij.platform.experimental.frontend",
    "com.intellij.platform.experimental.monolith",
    "com.intellij.platform.ide.provisioner",
    "com.intellij.station.core",
    "intellij.java.compiler.charts",
    "intellij.java.terminal",
    "org.jetbrains.plugins.gradle.java"
  ],
  "fileExtensions": [
    "*.ane",
    "*.ant",
    "*.apk",
    "*.bash",
    "*.bigtiff",
    "*.bmp",
    "*.class",
    "*.csv",
    "*.dcl",
    "*.dcx",
    "*.def",
    "*.dic",
    "*.diff",
    "*.doc",
    "*.docx",
    "*.dtd",
    "*.ear",
    "*.egg",
    "*.elt",
    "*.ent",
    "*.fxml",
    "*.gant",
    "*.gdsl",
    "*.gif",
    "*.gitignore",
    "*.gradle",
    "*.groovy",
    "*.gy",
    "*.har",
    "*.hgignore",
    "*.hlp",
    "*.htm",
    "*.html",
    "*.icns",
    "*.ico",
    "*.ignore",
    "*.iml",
    "*.ipr",
    "*.ipynb",
    "*.iws",
    "*.jar",
    "*.java",
    "*.jbig2",
    "*.jhm",
    "*.jnlp",
    "*.jpeg",
    "*.jpg",
    "*.jql",
    "*.jrxml",
    "*.json",
    "*.json5",
    "*.jsonc",
    "*.jsonl",
    "*.jsonlines",
    "*.jspx",
    "*.juktm",
    "*.kjsm",
    "*.klib",
    "*.knm",
    "*.kotlin_builtins",
    "*.kotlin_metadata",
    "*.kotlin_module",
    "*.kt",
    "*.kts",
    "*.ldjson",
    "*.markdown",
    "*.md",
    "*.mdb",
    "*.mod",
    "*.ndjson",
    "*.odt",
    "*.pam",
    "*.patch",
    "*.pbm",
    "*.pcx",
    "*.pdf",
    "*.pgm",
    "*.png",
    "*.pnm",
    "*.pom",
    "*.ppm",
    "*.ppt",
    "*.pptx",
    "*.properties",
    "*.psd",
    "*.regexp",
    "*.rgbe",
    "*.rnc",
    "*.rng",
    "*.sarif",
    "*.sarif*.json",
    "*.sarif.json",
    "*.sh",
    "*.sht",
    "*.shtm",
    "*.shtml",
    "*.snippet",
    "*.svg",
    "*.swc",
    "*.tagx",
    "*.tga",
    "*.tif",
    "*.tiff",
    "*.tld",
    "*.toml",
    "*.tsv",
    "*.vsd",
    "*.war",
    "*.wbmp",
    "*.webp",
    "*.wsdl",
    "*.xbm",
    "*.xhtml",
    "*.xml",
    "*.xpm",
    "*.xsd",
    "*.xsl",
    "*.xslt",
    "*.xul",
    "*.yaml",
    "*.yml",
    "*.zip",
    "*.zsh",
    ".classpath",
    ".editorconfig",
    ".project",
    "Cargo.lock",
    "Cargo.toml.orig",
    "Gopkg.lock",
    "Pipfile",
    "exclude",
    "logback.groovy",
    "manifest.mf",
    "maven.config",
    "module-info.java",
    "org.codehaus.groovy.runtime.ExtensionModule",
    "poetry.lock",
    "uv.lock"
  ],
  "layout": [
    {
      "name": "ByteCodeViewer",
      "kind": "plugin",
      "classPath": [
        "plugins/java-byteCodeViewer/lib/java-byteCodeViewer.jar"
      ]
    },
    {
      "name": "Coverage",
      "kind": "plugin",
      "classPath": [
        "plugins/java-coverage/lib/java-coverage.jar",
        "plugins/java-coverage/lib/java-coverage-rt.jar",
        "plugins/java-coverage/lib/jacoco.jar"
      ]
    },
    {
      "name": "Git4Idea",
      "kind": "plugin",
      "classPath": [
        "plugins/vcs-git/lib/vcs-git.jar",
        "plugins/vcs-git/lib/git4idea-rt.jar"
      ]
    },
    {
      "name": "HtmlTools",
      "kind": "plugin",
      "classPath": [
        "plugins/html-tools/lib/html-tools.jar"
      ]
    },
    {
      "name": "JUnit",
      "kind": "plugin",
      "classPath": [
        "plugins/junit/lib/junit.jar",
        "plugins/junit/lib/junit-rt.jar",
        "plugins/junit/lib/junit5-rt.jar"
      ]
    },
    {
      "name": "PerforceDirectPlugin",
      "kind": "plugin",
      "classPath": [
        "plugins/vcs-perforce/lib/vcs-perforce.jar"
      ]
    },
    {
      "name": "Subversion",
      "kind": "plugin",
      "classPath": [
        "plugins/vcs-svn/lib/vcs-svn.jar"
      ]
    },
    {
      "name": "TestNG-J",
      "kind": "plugin",
      "classPath": [
        "plugins/testng/lib/testng-rt.jar",
        "plugins/testng/lib/testng-plugin.jar"
      ]
    },
    {
      "name": "com.android.tools.gradle.dcl",
      "kind": "plugin",
      "classPath": [
        "plugins/android-gradle-declarative-lang-ide/lib/android-gradle-declarative-lang-ide.jar"
      ]
    },
    {
      "name": "com.intellij",
      "kind": "plugin",
      "classPath": [
        "lib/platform-loader.jar",
        "lib/util-8.jar",
        "lib/util.jar",
        "lib/app-client.jar",
        "lib/util_rt.jar",
        "lib/lib-client.jar",
        "lib/trove.jar",
        "lib/app.jar",
        "lib/opentelemetry.jar",
        "lib/jps-model.jar",
        "lib/stats.jar",
        "lib/rd.jar",
        "lib/external-system-rt.jar",
        "lib/protobuf.jar",
        "lib/bouncy-castle.jar",
        "lib/nio-fs.jar",
        "lib/intellij-test-discovery.jar",
        "lib/forms_rt.jar",
        "lib/lib.jar",
        "lib/externalProcess-rt.jar",
        "lib/groovy.jar",
        "lib/annotations.jar",
        "lib/idea_rt.jar",
        "lib/jsch-agent.jar",
        "lib/kotlinx-coroutines-slf4j-1.8.0-intellij.jar",
        "lib/testFramework.jar",
        "plugins/marketplace/lib/boot/marketplace-impl.jar"
      ]
    },
    {
      "name": "com.intellij.completion.ml.ranking",
      "kind": "plugin",
      "classPath": [
        "plugins/completionMlRanking/lib/completionMlRanking.jar"
      ]
    },
    {
      "name": "com.intellij.compose",
      "kind": "plugin",
      "classPath": [
        "plugins/compose-ide-plugin/lib/compose-ide-plugin.jar"
      ]
    },
    {
      "name": "com.intellij.configurationScript",
      "kind": "plugin",
      "classPath": [
        "plugins/configurationScript/lib/configurationScript.jar"
      ]
    },
    {
      "name": "com.intellij.copyright",
      "kind": "plugin",
      "classPath": [
        "plugins/copyright/lib/copyright.jar"
      ]
    },
    {
      "name": "com.intellij.dev",
      "kind": "plugin",
      "classPath": [
        "plugins/dev/lib/dev.jar"
      ]
    },
    {
      "name": "com.intellij.gradle",
      "kind": "plugin",
      "classPath": [
        "plugins/gradle/lib/gradle.jar",
        "plugins/gradle/lib/gradle-tooling-extension-api.jar",
        "plugins/gradle/lib/gradle-tooling-extension-impl.jar",
        "plugins/gradle/lib/gradle-api-8.12.jar"
      ]
    },
    {
      "name": "com.intellij.ja",
      "kind": "plugin",
      "classPath": [
        "plugins/localization-ja/lib/localization-ja.jar"
      ]
    },
    {
      "name": "com.intellij.java",
      "kind": "plugin",
      "classPath": [
        "plugins/java/lib/javac2.jar",
        "plugins/java/lib/java-impl.jar",
        "plugins/java/lib/java-frontback.jar",
        "plugins/java/lib/jb-jdi.jar",
        "plugins/java/lib/sa-jdwp.jar",
        "plugins/java/lib/jps-launcher.jar",
        "plugins/java/lib/jps-builders.jar",
        "plugins/java/lib/jshell-protocol.jar",
        "plugins/java/lib/jshell-frontend.jar",
        "plugins/java/lib/jgoodies-common.jar",
        "plugins/java/lib/kotlin-metadata.jar",
        "plugins/java/lib/jps-javac-extension.jar",
        "plugins/java/lib/debugger-memory-agent.jar",
        "plugins/java/lib/aether-dependency-resolver.jar",
        "plugins/java/lib/maven-resolver-transport-file.jar",
        "plugins/java/lib/maven-resolver-transport-http.jar",
        "plugins/java/lib/maven-resolver-connector-basic.jar",
        "plugins/java/lib/jps-builders-6.jar"
      ]
    },
    {
      "name": "com.intellij.java-i18n",
      "kind": "plugin",
      "classPath": [
        "plugins/java-i18n/lib/java-i18n.jar"
      ]
    },
    {
      "name": "com.intellij.java.frontback.impl",
      "kind": "pluginAlias"
    },
    {
      "name": "com.intellij.java.frontback.psi.impl",
      "kind": "pluginAlias"
    },
    {
      "name": "com.intellij.java.ide",
      "kind": "plugin",
      "classPath": [
        "plugins/java-ide-customization/lib/java-ide-customization.jar"
      ]
    },
    {
      "name": "com.intellij.ko",
      "kind": "plugin",
      "classPath": [
        "plugins/localization-ko/lib/localization-ko.jar"
      ]
    },
    {
      "name": "com.intellij.marketplace",
      "kind": "plugin",
      "classPath": [
        "plugins/marketplace/lib/marketplace.jar"
      ]
    },
    {
      "name": "com.intellij.marketplace.ml",
      "kind": "plugin",
      "classPath": [
        "plugins/marketplaceMl/lib/marketplaceMl.jar"
      ]
    },
    {
      "name": "com.intellij.ml.inline.completion",
      "kind": "pluginAlias"
    },
    {
      "name": "com.intellij.modules.all",
      "kind": "pluginAlias"
    },
    {
      "name": "com.intellij.modules.coverage",
      "kind": "pluginAlias"
    },
    {
      "name": "com.intellij.modules.externalSystem",
      "kind": "pluginAlias"
    },
    {
      "name": "com.intellij.modules.gradle.java",
      "kind": "pluginAlias"
    },
    {
      "name": "com.intellij.modules.idea",
      "kind": "pluginAlias"
    },
    {
      "name": "com.intellij.modules.idea.community",
      "kind": "pluginAlias"
    },
    {
      "name": "com.intellij.modules.java",
      "kind": "pluginAlias"
    },
    {
      "name": "com.intellij.modules.java-capable",
      "kind": "pluginAlias"
    },
    {
      "name": "com.intellij.modules.json",
      "kind": "plugin",
      "classPath": [
        "plugins/json/lib/json.jar"
      ]
    },
    {
      "name": "com.intellij.modules.jsp.base",
      "kind": "pluginAlias"
    },
    {
      "name": "com.intellij.modules.kotlin.k1",
      "kind": "pluginAlias"
    },
    {
      "name": "com.intellij.modules.lang",
      "kind": "pluginAlias"
    },
    {
      "name": "com.intellij.modules.os.linux",
      "kind": "pluginAlias"
    },
    {
      "name": "com.intellij.modules.os.unix",
      "kind": "pluginAlias"
    },
    {
      "name": "com.intellij.modules.os.xwindow",
      "kind": "pluginAlias"
    },
    {
      "name": "com.intellij.modules.platform",
      "kind": "pluginAlias"
    },
    {
      "name": "com.intellij.modules.profiler",
      "kind": "pluginAlias"
    },
    {
      "name": "com.intellij.modules.python-core-capable",
      "kind": "pluginAlias"
    },
    {
      "name": "com.intellij.modules.python-in-non-pycharm-ide-capable",
      "kind": "pluginAlias"
    },
    {
      "name": "com.intellij.modules.remoteServers",
      "kind": "pluginAlias"
    },
    {
      "name": "com.intellij.modules.structuralsearch",
      "kind": "pluginAlias"
    },
    {
      "name": "com.intellij.modules.vcs",
      "kind": "pluginAlias"
    },
    {
      "name": "com.intellij.modules.xdebugger",
      "kind": "pluginAlias"
    },
    {
      "name": "com.intellij.modules.xml",
      "kind": "pluginAlias"
    },
    {
      "name": "com.intellij.notebooks.core",
      "kind": "plugin",
      "classPath": [
        "plugins/notebooks-plugin/lib/notebooks-plugin.jar"
      ]
    },
    {
      "name": "com.intellij.platform.experimental.backend",
      "kind": "pluginAlias"
    },
    {
      "name": "com.intellij.platform.experimental.frontend",
      "kind": "pluginAlias"
    },
    {
      "name": "com.intellij.platform.experimental.monolith",
      "kind": "pluginAlias"
    },
    {
      "name": "com.intellij.platform.ide.provisioner",
      "kind": "pluginAlias"
    },
    {
      "name": "com.intellij.platform.images",
      "kind": "plugin",
      "classPath": [
        "plugins/platform-images/lib/platform-images.jar"
      ]
    },
    {
      "name": "com.intellij.plugins.eclipsekeymap",
      "kind": "plugin",
      "classPath": [
        "plugins/keymap-eclipse/lib/keymap-eclipse.jar"
      ]
    },
    {
      "name": "com.intellij.plugins.netbeanskeymap",
      "kind": "plugin",
      "classPath": [
        "plugins/keymap-netbeans/lib/keymap-netbeans.jar"
      ]
    },
    {
      "name": "com.intellij.plugins.visualstudiokeymap",
      "kind": "plugin",
      "classPath": [
        "plugins/keymap-visualStudio/lib/keymap-visualStudio.jar"
      ]
    },
    {
      "name": "com.intellij.properties",
      "kind": "plugin",
      "classPath": [
        "plugins/properties/lib/properties.jar",
        "plugins/properties/lib/properties-frontend.jar"
      ]
    },
    {
      "name": "com.intellij.searcheverywhere.ml",
      "kind": "plugin",
      "classPath": [
        "plugins/searchEverywhereMl/lib/searchEverywhereMl.jar"
      ]
    },
    {
      "name": "com.intellij.settingsSync",
      "kind": "plugin",
      "classPath": [
        "plugins/settingsSync/lib/settingsSync.jar"
      ]
    },
    {
      "name": "com.intellij.station.core",
      "kind": "pluginAlias"
    },
    {
      "name": "com.intellij.tasks",
      "kind": "plugin",
      "classPath": [
        "plugins/tasks/lib/tasks-core.jar"
      ]
    },
    {
      "name": "com.intellij.turboComplete",
      "kind": "plugin",
      "classPath": [
        "plugins/turboComplete/lib/turboComplete.jar"
      ]
    },
    {
      "name": "com.intellij.zh",
      "kind": "plugin",
      "classPath": [
        "plugins/localization-zh/lib/localization-zh.jar"
      ]
    },
    {
      "name": "com.jetbrains.codeWithMe",
      "kind": "plugin",
      "classPath": [
        "plugins/cwm-plugin/lib/cwm-plugin.jar",
        "plugins/cwm-plugin/lib/cwm-plugin-common.jar",
        "plugins/cwm-plugin/lib/cwm-plugin-backend.jar",
        "plugins/cwm-plugin/lib/cwm-plugin-android.jar",
        "plugins/cwm-plugin/lib/rd.jar",
        "plugins/cwm-plugin/lib/split.jar",
        "plugins/cwm-plugin/lib/ice4j.jar",
        "plugins/cwm-plugin/lib/jstun.jar",
        "plugins/cwm-plugin/lib/jitsi-utils.jar",
        "plugins/cwm-plugin/lib/tls-channel.jar",
        "plugins/cwm-plugin/lib/vcs-protocol.jar",
        "plugins/cwm-plugin/lib/backend-split.jar",
        "plugins/cwm-plugin/lib/split-protocol.jar",
        "plugins/cwm-plugin/lib/java-websocket.jar",
        "plugins/cwm-plugin/lib/quiche-jna-stubs.jar",
        "plugins/cwm-plugin/lib/remote-controller.jar",
        "plugins/cwm-plugin/lib/bouncy-castle-pgp.jar",
        "plugins/cwm-plugin/lib/grpc-netty-shaded.jar",
        "plugins/cwm-plugin/lib/jnaerator-runtime.jar",
        "plugins/cwm-plugin/lib/remote-controller-backend.jar"
      ]
    },
    {
      "name": "com.jetbrains.performancePlugin",
      "kind": "plugin",
      "classPath": [
        "plugins/performanceTesting/lib/performanceTesting.jar"
      ]
    },
    {
      "name": "com.jetbrains.performancePlugin.async",
      "kind": "plugin",
      "classPath": [
        "plugins/performanceTesting-async/lib/performanceTesting-async.jar",
        "plugins/performanceTesting-async/lib/async-profiler.jar"
      ]
    },
    {
      "name": "com.jetbrains.sh",
      "kind": "plugin",
      "classPath": [
        "plugins/sh/lib/sh.jar"
      ]
    },
    {
      "name": "com.jetbrains.station",
      "kind": "plugin",
      "classPath": [
        "plugins/station-plugin/lib/station-plugin.jar"
      ]
    },
    {
      "name": "hg4idea",
      "kind": "plugin",
      "classPath": [
        "plugins/vcs-hg/lib/vcs-hg.jar"
      ]
    },
    {
      "name": "intellij.android.gradle.declarative.lang",
      "kind": "moduleV2"
    },
    {
      "name": "intellij.android.gradle.declarative.lang.sync",
      "kind": "moduleV2",
      "classPath": [
        "plugins/android-gradle-declarative-lang-ide/lib/modules/intellij.android.gradle.declarative.lang.sync.jar"
      ]
    },
    {
      "name": "intellij.android.gradle.dsl.declarative",
      "kind": "moduleV2"
    },
    {
      "name": "intellij.android.gradle.dsl.flags",
      "kind": "moduleV2",
      "classPath": [
        "plugins/android-gradle-dsl/lib/modules/intellij.android.gradle.dsl.flags.jar"
      ]
    },
    {
      "name": "intellij.android.gradle.dsl.groovy",
      "kind": "moduleV2"
    },
    {
      "name": "intellij.android.gradle.dsl.kotlin",
      "kind": "moduleV2"
    },
    {
      "name": "intellij.android.gradle.dsl.toml",
      "kind": "moduleV2"
    },
    {
      "name": "intellij.completionMlRanking.experiments",
      "kind": "moduleV2"
    },
    {
      "name": "intellij.compose.ide.plugin.k1",
      "kind": "moduleV2"
    },
    {
      "name": "intellij.compose.ide.plugin.k2",
      "kind": "moduleV2"
    },
    {
      "name": "intellij.compose.ide.plugin.shared",
      "kind": "moduleV2"
    },
    {
      "name": "intellij.copyright.vcs",
      "kind": "moduleV2"
    },
    {
      "name": "intellij.cwm.vcs",
      "kind": "moduleV2",
      "classPath": [
        "plugins/cwm-plugin/lib/modules/intellij.cwm.vcs.jar"
      ]
    },
    {
      "name": "intellij.dev.codeInsight",
      "kind": "moduleV2"
    },
    {
      "name": "intellij.dev.psiViewer",
      "kind": "moduleV2"
    },
    {
      "name": "intellij.driver.backend.split",
      "kind": "moduleV2"
    },
    {
      "name": "intellij.execution.process.elevation.backend.split",
      "kind": "moduleV2"
    },
    {
      "name": "intellij.featuresTrainer.onboarding",
      "kind": "moduleV2"
    },
    {
      "name": "intellij.fullLine.api",
      "kind": "moduleV2"
    },
    {
      "name": "intellij.fullLine.core",
      "kind": "moduleV2"
    },
    {
      "name": "intellij.fullLine.core.completion",
      "kind": "moduleV2"
    },
    {
      "name": "intellij.fullLine.core.impl",
      "kind": "moduleV2"
    },
    {
      "name": "intellij.fullLine.cpp",
      "kind": "moduleV2"
    },
    {
      "name": "intellij.fullLine.cpp.local",
      "kind": "moduleV2"
    },
    {
      "name": "intellij.fullLine.css",
      "kind": "moduleV2"
    },
    {
      "name": "intellij.fullLine.css.less",
      "kind": "moduleV2"
    },
    {
      "name": "intellij.fullLine.css.less.local",
      "kind": "moduleV2"
    },
    {
      "name": "intellij.fullLine.css.local",
      "kind": "moduleV2",
      "classPath": [
        "plugins/fullLine/lib/modules/intellij.fullLine.css.local.jar"
      ]
    },
    {
      "name": "intellij.fullLine.css.postcss",
      "kind": "moduleV2"
    },
    {
      "name": "intellij.fullLine.css.postcss.local",
      "kind": "moduleV2"
    },
    {
      "name": "intellij.fullLine.css.sass",
      "kind": "moduleV2"
    },
    {
      "name": "intellij.fullLine.css.sass.local",
      "kind": "moduleV2"
    },
    {
      "name": "intellij.fullLine.experiments",
      "kind": "moduleV2"
    },
    {
      "name": "intellij.fullLine.federatedCompute",
      "kind": "moduleV2"
    },
    {
      "name": "intellij.fullLine.go",
      "kind": "moduleV2"
    },
    {
      "name": "intellij.fullLine.go.local",
      "kind": "moduleV2",
      "classPath": [
        "plugins/fullLine/lib/modules/intellij.fullLine.go.local.jar"
      ]
    },
    {
      "name": "intellij.fullLine.html",
      "kind": "moduleV2"
    },
    {
      "name": "intellij.fullLine.html.local",
      "kind": "moduleV2",
      "classPath": [
        "plugins/fullLine/lib/modules/intellij.fullLine.html.local.jar"
      ]
    },
    {
      "name": "intellij.fullLine.java",
      "kind": "moduleV2"
    },
    {
      "name": "intellij.fullLine.java.local",
      "kind": "moduleV2",
      "classPath": [
        "plugins/fullLine/lib/modules/intellij.fullLine.java.local.jar"
      ]
    },
    {
      "name": "intellij.fullLine.js",
      "kind": "moduleV2"
    },
    {
      "name": "intellij.fullLine.js.astro",
      "kind": "moduleV2"
    },
    {
      "name": "intellij.fullLine.js.astro.local",
      "kind": "moduleV2"
    },
    {
      "name": "intellij.fullLine.js.local",
      "kind": "moduleV2",
      "classPath": [
        "plugins/fullLine/lib/modules/intellij.fullLine.js.local.jar"
      ]
    },
    {
      "name": "intellij.fullLine.js.svelte",
      "kind": "moduleV2"
    },
    {
      "name": "intellij.fullLine.js.svelte.local",
      "kind": "moduleV2"
    },
    {
      "name": "intellij.fullLine.js.vue",
      "kind": "moduleV2"
    },
    {
      "name": "intellij.fullLine.js.vue.local",
      "kind": "moduleV2"
    },
    {
      "name": "intellij.fullLine.kotlin",
      "kind": "moduleV2"
    },
    {
      "name": "intellij.fullLine.kotlin.jupyter",
      "kind": "moduleV2"
    },
    {
      "name": "intellij.fullLine.kotlin.jupyter.local",
      "kind": "moduleV2"
    },
    {
      "name": "intellij.fullLine.kotlin.local",
      "kind": "moduleV2",
      "classPath": [
        "plugins/fullLine/lib/modules/intellij.fullLine.kotlin.local.jar"
      ]
    },
    {
      "name": "intellij.fullLine.local",
      "kind": "moduleV2",
      "classPath": [
        "plugins/fullLine/lib/modules/intellij.fullLine.local.jar"
      ]
    },
    {
      "name": "intellij.fullLine.php",
      "kind": "moduleV2"
    },
    {
      "name": "intellij.fullLine.php.local",
      "kind": "moduleV2",
      "classPath": [
        "plugins/fullLine/lib/modules/intellij.fullLine.php.local.jar"
      ]
    },
    {
      "name": "intellij.fullLine.python",
      "kind": "moduleV2"
    },
    {
      "name": "intellij.fullLine.python.jupyter",
      "kind": "moduleV2"
    },
    {
      "name": "intellij.fullLine.python.jupyter.local",
      "kind": "moduleV2"
    },
    {
      "name": "intellij.fullLine.python.local",
      "kind": "moduleV2",
      "classPath": [
        "plugins/fullLine/lib/modules/intellij.fullLine.python.local.jar"
      ]
    },
    {
      "name": "intellij.fullLine.rider",
      "kind": "moduleV2"
    },
    {
      "name": "intellij.fullLine.rider.cpp",
      "kind": "moduleV2"
    },
    {
      "name": "intellij.fullLine.rider.cpp.local",
      "kind": "moduleV2",
      "classPath": [
        "plugins/fullLine/lib/modules/intellij.fullLine.rider.cpp.local.jar"
      ]
    },
    {
      "name": "intellij.fullLine.rider.csharp",
      "kind": "moduleV2"
    },
    {
      "name": "intellij.fullLine.rider.csharp.local",
      "kind": "moduleV2",
      "classPath": [
        "plugins/fullLine/lib/modules/intellij.fullLine.rider.csharp.local.jar"
      ]
    },
    {
      "name": "intellij.fullLine.rider.local",
      "kind": "moduleV2"
    },
    {
      "name": "intellij.fullLine.ruby",
      "kind": "moduleV2"
    },
    {
      "name": "intellij.fullLine.ruby.local",
      "kind": "moduleV2",
      "classPath": [
        "plugins/fullLine/lib/modules/intellij.fullLine.ruby.local.jar"
      ]
    },
    {
      "name": "intellij.fullLine.rust",
      "kind": "moduleV2"
    },
    {
      "name": "intellij.fullLine.rust.local",
      "kind": "moduleV2",
      "classPath": [
        "plugins/fullLine/lib/modules/intellij.fullLine.rust.local.jar"
      ]
    },
    {
      "name": "intellij.fullLine.terraform",
      "kind": "moduleV2"
    },
    {
      "name": "intellij.fullLine.terraform.local",
      "kind": "moduleV2",
      "classPath": [
        "plugins/fullLine/lib/modules/intellij.fullLine.terraform.local.jar"
      ]
    },
    {
      "name": "intellij.fullLine.vcs",
      "kind": "moduleV2"
    },
    {
      "name": "intellij.fullLine.web",
      "kind": "moduleV2"
    },
    {
      "name": "intellij.fullLine.xdebugger",
      "kind": "moduleV2"
    },
    {
      "name": "intellij.git.commit.modal",
      "kind": "plugin",
      "classPath": [
        "plugins/vcs-git-commit-modal/lib/vcs-git-commit-modal.jar"
      ]
    },
    {
      "name": "intellij.grazie.java",
      "kind": "moduleV2"
    },
    {
      "name": "intellij.grazie.json",
      "kind": "moduleV2"
    },
    {
      "name": "intellij.grazie.markdown",
      "kind": "moduleV2"
    },
    {
      "name": "intellij.grazie.properties",
      "kind": "moduleV2"
    },
    {
      "name": "intellij.grazie.xml",
      "kind": "moduleV2"
    },
    {
      "name": "intellij.grazie.yaml",
      "kind": "moduleV2"
    },
    {
      "name": "intellij.grid",
      "kind": "productModuleV2",
      "classPath": [
        "lib/modules/intellij.grid.jar"
      ]
    },
    {
      "name": "intellij.grid.core.impl",
      "kind": "productModuleV2",
      "classPath": [
        "lib/modules/intellij.grid.core.impl.jar"
      ]
    },
    {
      "name": "intellij.grid.csv.core.impl",
      "kind": "productModuleV2",
      "classPath": [
        "lib/modules/intellij.grid.csv.core.impl.jar"
      ]
    },
    {
      "name": "intellij.grid.impl",
      "kind": "productModuleV2",
      "classPath": [
        "lib/modules/intellij.grid.impl.jar"
      ]
    },
    {
      "name": "intellij.grid.types",
      "kind": "productModuleV2",
      "classPath": [
        "lib/modules/intellij.grid.types.jar"
      ]
    },
    {
      "name": "intellij.groovy.dev",
      "kind": "moduleV2"
    },
    {
      "name": "intellij.groovy.git",
      "kind": "moduleV2"
    },
    {
      "name": "intellij.groovy/ant",
      "kind": "moduleV2"
    },
    {
      "name": "intellij.groovy/byte-code-viewer",
      "kind": "moduleV2"
    },
    {
      "name": "intellij.ide.startup.importSettings",
      "kind": "productModuleV2",
      "classPath": [
        "lib/modules/intellij.ide.startup.importSettings.jar"
      ]
    },
    {
      "name": "intellij.idea.customization.base",
      "kind": "productModuleV2",
      "classPath": [
        "lib/modules/intellij.idea.customization.base.jar"
      ]
    },
    {
      "name": "intellij.indexing.shared.core",
      "kind": "plugin",
      "classPath": [
        "plugins/indexing-shared/lib/indexing-shared.jar"
      ]
    },
    {
      "name": "intellij.java.backend.split",
      "kind": "moduleV2",
      "classPath": [
        "plugins/cwm-plugin/lib/modules/intellij.java.backend.split.jar"
      ]
    },
    {
      "name": "intellij.java.compiler.charts",
      "kind": "pluginAlias"
    },
    {
      "name": "intellij.java.compiler.charts",
      "kind": "moduleV2"
    },
    {
      "name": "intellij.java.debugger.impl.backend",
      "kind": "moduleV2",
      "classPath": [
        "plugins/java/lib/modules/intellij.java.debugger.impl.backend.jar"
      ]
    },
    {
      "name": "intellij.java.debugger.impl.frontend",
      "kind": "moduleV2",
      "classPath": [
        "plugins/java/lib/modules/intellij.java.debugger.impl.frontend.jar"
      ]
    },
    {
      "name": "intellij.java.dev",
      "kind": "moduleV2"
    },
    {
      "name": "intellij.java.featuresTrainer",
      "kind": "moduleV2",
      "classPath": [
        "plugins/java/lib/modules/intellij.java.featuresTrainer.jar"
      ]
    },
    {
      "name": "intellij.java.ide.customization/training",
      "kind": "moduleV2"
    },
    {
      "name": "intellij.java.performancePlugin",
      "kind": "moduleV2"
    },
    {
      "name": "intellij.java.structuralSearch",
      "kind": "moduleV2",
      "classPath": [
        "plugins/java/lib/modules/intellij.java.structuralSearch.jar"
      ]
    },
    {
      "name": "intellij.java.terminal",
      "kind": "moduleV2"
    },
    {
      "name": "intellij.java.terminal",
      "kind": "pluginAlias"
    },
    {
      "name": "intellij.java.unscramble",
      "kind": "moduleV2",
      "classPath": [
        "plugins/java/lib/modules/intellij.java.unscramble.jar"
      ]
    },
    {
      "name": "intellij.java.vcs",
      "kind": "moduleV2",
      "classPath": [
        "plugins/java/lib/modules/intellij.java.vcs.jar"
      ]
    },
    {
      "name": "intellij.javaFX",
      "kind": "moduleV2",
      "classPath": [
        "plugins/javaFX/lib/modules/intellij.javaFX.jar"
      ]
    },
    {
      "name": "intellij.javaFX.properties",
      "kind": "moduleV2"
    },
    {
      "name": "intellij.json",
      "kind": "moduleV2",
      "classPath": [
        "plugins/json/lib/modules/intellij.json.jar"
      ]
    },
    {
      "name": "intellij.json.split",
      "kind": "moduleV2",
      "classPath": [
        "plugins/json/lib/modules/intellij.json.split.jar"
      ]
    },
    {
      "name": "intellij.jupyter",
      "kind": "plugin",
      "classPath": [
        "plugins/jupyter-plugin/lib/jupyter-plugin.jar"
      ]
    },
    {
      "name": "intellij.jupyter.core",
      "kind": "moduleV2",
      "classPath": [
        "plugins/jupyter-plugin/lib/modules/intellij.jupyter.core.jar"
      ]
    },
    {
      "name": "intellij.jupyter.diff",
      "kind": "moduleV2"
    },
    {
      "name": "intellij.jupyter.git",
      "kind": "moduleV2"
    },
    {
      "name": "intellij.jupyter.github",
      "kind": "moduleV2"
    },
    {
      "name": "intellij.jupyter.psi",
      "kind": "moduleV2",
      "classPath": [
        "plugins/jupyter-plugin/lib/modules/intellij.jupyter.psi.jar"
      ]
    },
    {
      "name": "intellij.jupyter.py",
      "kind": "moduleV2",
      "classPath": [
        "plugins/jupyter-plugin/lib/modules/intellij.jupyter.py.jar"
      ]
    },
    {
      "name": "intellij.jupyter.py.completion.ml.ranking",
      "kind": "moduleV2",
      "classPath": [
        "plugins/jupyter-plugin/lib/modules/intellij.jupyter.py.completion.ml.ranking.jar"
      ]
    },
    {
      "name": "intellij.jupyter.py.ift",
      "kind": "moduleV2"
    },
    {
      "name": "intellij.jupyter.py.pro",
      "kind": "moduleV2"
    },
    {
      "name": "intellij.jupyter.py.psi",
      "kind": "moduleV2",
      "classPath": [
        "plugins/jupyter-plugin/lib/modules/intellij.jupyter.py.psi.jar"
      ]
    },
    {
      "name": "intellij.jupyter.py.wsl",
      "kind": "moduleV2"
    },
    {
      "name": "intellij.jupyter.split.backend",
      "kind": "moduleV2"
    },
    {
      "name": "intellij.jupyter.split.common",
      "kind": "moduleV2",
      "classPath": [
        "plugins/jupyter-plugin/lib/modules/intellij.jupyter.split.common.jar"
      ]
    },
    {
      "name": "intellij.jupyter.tables",
      "kind": "moduleV2",
      "classPath": [
        "plugins/jupyter-plugin/lib/modules/intellij.jupyter.tables.jar"
      ]
    },
    {
      "name": "intellij.jvm.analysis.impl",
      "kind": "moduleV2",
      "classPath": [
        "plugins/java/lib/modules/intellij.jvm.analysis.impl.jar"
      ]
    },
    {
      "name": "intellij.kotlin.dev",
      "kind": "moduleV2"
    },
    {
      "name": "intellij.kotlin.jupyter.core",
      "kind": "moduleV2"
    },
    {
      "name": "intellij.kotlin.jupyter.github",
      "kind": "moduleV2"
    },
    {
      "name": "intellij.kotlin.jupyter.k1",
      "kind": "moduleV2"
    },
    {
      "name": "intellij.kotlin.jupyter.k2",
      "kind": "moduleV2"
    },
    {
      "name": "intellij.kotlin.jupyter.liveTemplates",
      "kind": "moduleV2"
    },
    {
      "name": "intellij.kotlin.jupyter.plots",
      "kind": "moduleV2",
      "classPath": [
        "plugins/kotlin-jupyter-plugin/lib/modules/intellij.kotlin.jupyter.plots.jar"
      ]
    },
    {
      "name": "intellij.kotlin.jupyter.tables",
      "kind": "moduleV2"
    },
    {
      "name": "intellij.kotlin.onboarding-promoter",
      "kind": "productModuleV2",
      "classPath": [
        "lib/modules/intellij.kotlin.onboarding-promoter.jar"
      ]
    },
    {
      "name": "intellij.libraries.compose.foundation.desktop",
      "kind": "productModuleV2",
      "classPath": [
        "lib/modules/intellij.libraries.compose.foundation.desktop.jar"
      ]
    },
    {
      "name": "intellij.libraries.ktor.client",
      "kind": "productModuleV2",
      "classPath": [
        "lib/modules/intellij.libraries.ktor.client.jar"
      ]
    },
    {
      "name": "intellij.libraries.ktor.client.cio",
      "kind": "productModuleV2",
      "classPath": [
        "lib/modules/intellij.libraries.ktor.client.cio.jar"
      ]
    },
    {
      "name": "intellij.libraries.microba",
      "kind": "productModuleV2",
      "classPath": [
        "lib/modules/intellij.libraries.microba.jar"
      ]
    },
    {
      "name": "intellij.libraries.skiko",
      "kind": "productModuleV2",
      "classPath": [
        "lib/modules/intellij.libraries.skiko.jar"
      ]
    },
    {
      "name": "intellij.llmInstaller",
      "kind": "moduleV2"
    },
    {
      "name": "intellij.llmInstaller.enterprise",
      "kind": "moduleV2"
    },
    {
      "name": "intellij.llmInstaller.pycharm.community",
      "kind": "moduleV2"
    },
    {
      "name": "intellij.markdown.backend.split",
      "kind": "moduleV2"
    },
    {
      "name": "intellij.markdown.compose.preview",
      "kind": "moduleV2"
    },
    {
      "name": "intellij.markdown.fenceInjection",
      "kind": "moduleV2"
    },
    {
      "name": "intellij.markdown.frontmatter",
      "kind": "moduleV2"
    },
    {
      "name": "intellij.markdown.frontmatter.toml",
      "kind": "moduleV2"
    },
    {
      "name": "intellij.markdown.frontmatter.yaml",
      "kind": "moduleV2"
    },
    {
      "name": "intellij.markdown.images",
      "kind": "moduleV2"
    },
    {
      "name": "intellij.markdown.model",
      "kind": "moduleV2"
    },
    {
      "name": "intellij.markdown.spellchecker",
      "kind": "moduleV2"
    },
    {
      "name": "intellij.markdown.xml",
      "kind": "moduleV2"
    },
    {
      "name": "intellij.ml.llm.completion",
      "kind": "moduleV2"
    },
    {
      "name": "intellij.ml.llm.cpp.completion",
      "kind": "moduleV2",
      "classPath": [
        "plugins/fullLine/lib/modules/intellij.ml.llm.cpp.completion.jar"
      ]
    },
    {
      "name": "intellij.ml.llm.css.completion",
      "kind": "moduleV2",
      "classPath": [
        "plugins/fullLine/lib/modules/intellij.ml.llm.css.completion.jar"
      ]
    },
    {
      "name": "intellij.ml.llm.css.less.completion",
      "kind": "moduleV2"
    },
    {
      "name": "intellij.ml.llm.css.postcss.completion",
      "kind": "moduleV2"
    },
    {
      "name": "intellij.ml.llm.css.sass.completion",
      "kind": "moduleV2"
    },
    {
      "name": "intellij.ml.llm.go.completion",
      "kind": "moduleV2",
      "classPath": [
        "plugins/fullLine/lib/modules/intellij.ml.llm.go.completion.jar"
      ]
    },
    {
      "name": "intellij.ml.llm.html.completion",
      "kind": "moduleV2",
      "classPath": [
        "plugins/fullLine/lib/modules/intellij.ml.llm.html.completion.jar"
      ]
    },
    {
      "name": "intellij.ml.llm.java.completion",
      "kind": "moduleV2",
      "classPath": [
        "plugins/fullLine/lib/modules/intellij.ml.llm.java.completion.jar"
      ]
    },
    {
      "name": "intellij.ml.llm.javascript.astro.completion",
      "kind": "moduleV2"
    },
    {
      "name": "intellij.ml.llm.javascript.completion",
      "kind": "moduleV2",
      "classPath": [
        "plugins/fullLine/lib/modules/intellij.ml.llm.javascript.completion.jar"
      ]
    },
    {
      "name": "intellij.ml.llm.javascript.svelte.completion",
      "kind": "moduleV2"
    },
    {
      "name": "intellij.ml.llm.javascript.vue.completion",
      "kind": "moduleV2"
    },
    {
      "name": "intellij.ml.llm.jupyter.kotlin.completion",
      "kind": "moduleV2"
    },
    {
      "name": "intellij.ml.llm.jupyter.python.completion",
      "kind": "moduleV2"
    },
    {
      "name": "intellij.ml.llm.kotlin.completion",
      "kind": "moduleV2",
      "classPath": [
        "plugins/fullLine/lib/modules/intellij.ml.llm.kotlin.completion.jar"
      ]
    },
    {
      "name": "intellij.ml.llm.markdown.completion",
      "kind": "moduleV2"
    },
    {
      "name": "intellij.ml.llm.php.completion",
      "kind": "moduleV2",
      "classPath": [
        "plugins/fullLine/lib/modules/intellij.ml.llm.php.completion.jar"
      ]
    },
    {
      "name": "intellij.ml.llm.python.completion",
      "kind": "moduleV2",
      "classPath": [
        "plugins/fullLine/lib/modules/intellij.ml.llm.python.completion.jar"
      ]
    },
    {
      "name": "intellij.ml.llm.rbs.completion",
      "kind": "moduleV2"
    },
    {
      "name": "intellij.ml.llm.rider.cpp.completion",
      "kind": "moduleV2",
      "classPath": [
        "plugins/fullLine/lib/modules/intellij.ml.llm.rider.cpp.completion.jar"
      ]
    },
    {
      "name": "intellij.ml.llm.rider.csharp.completion",
      "kind": "moduleV2",
      "classPath": [
        "plugins/fullLine/lib/modules/intellij.ml.llm.rider.csharp.completion.jar"
      ]
    },
    {
      "name": "intellij.ml.llm.ruby.completion",
      "kind": "moduleV2",
      "classPath": [
        "plugins/fullLine/lib/modules/intellij.ml.llm.ruby.completion.jar"
      ]
    },
    {
      "name": "intellij.ml.llm.rust.completion",
      "kind": "moduleV2"
    },
    {
      "name": "intellij.ml.llm.sql.completion",
      "kind": "moduleV2"
    },
    {
      "name": "intellij.ml.llm.terraform.completion",
      "kind": "moduleV2"
    },
    {
      "name": "intellij.ml.llm.text.completion",
      "kind": "moduleV2"
    },
    {
      "name": "intellij.ml.llm.vcs.completion",
      "kind": "moduleV2"
    },
    {
      "name": "intellij.ml.llm.xdebugger.completion",
      "kind": "moduleV2"
    },
    {
      "name": "intellij.ml.llm.yaml.completion",
      "kind": "moduleV2"
    },
    {
      "name": "intellij.notebooks.backend.split",
      "kind": "moduleV2"
    },
    {
      "name": "intellij.notebooks.core",
      "kind": "moduleV2"
    },
    {
      "name": "intellij.notebooks.jupyter.core",
      "kind": "moduleV2"
    },
    {
      "name": "intellij.notebooks.ui",
      "kind": "moduleV2"
    },
    {
      "name": "intellij.notebooks.visualization",
      "kind": "moduleV2"
    },
    {
      "name": "intellij.packageChecker.amper",
      "kind": "moduleV2"
    },
    {
      "name": "intellij.packageChecker.go",
      "kind": "moduleV2"
    },
    {
      "name": "intellij.packageChecker.gradle",
      "kind": "moduleV2"
    },
    {
      "name": "intellij.packageChecker.java",
      "kind": "moduleV2"
    },
    {
      "name": "intellij.packageChecker.javascript",
      "kind": "moduleV2"
    },
    {
      "name": "intellij.packageChecker.maven",
      "kind": "moduleV2"
    },
    {
      "name": "intellij.packageChecker.php",
      "kind": "moduleV2"
    },
    {
      "name": "intellij.packageChecker.python",
      "kind": "moduleV2"
    },
    {
      "name": "intellij.performanceTesting.async.core",
      "kind": "moduleV2"
    },
    {
      "name": "intellij.performanceTesting.backend.split",
      "kind": "moduleV2",
      "classPath": [
        "plugins/cwm-plugin/lib/modules/intellij.performanceTesting.backend.split.jar"
      ]
    },
    {
      "name": "intellij.performanceTesting.remoteDriver",
      "kind": "moduleV2"
    },
    {
      "name": "intellij.performanceTesting.vcs",
      "kind": "moduleV2"
    },
    {
      "name": "intellij.platform.bookmarks.backend",
      "kind": "productModuleV2",
      "classPath": [
        "lib/modules/intellij.platform.bookmarks.backend.jar"
      ]
    },
    {
      "name": "intellij.platform.bookmarks.frontend",
      "kind": "productModuleV2",
      "classPath": [
        "lib/modules/intellij.platform.bookmarks.frontend.jar"
      ]
    },
    {
      "name": "intellij.platform.clouds",
      "kind": "productModuleV2",
      "classPath": [
        "lib/modules/intellij.platform.clouds.jar"
      ]
    },
    {
      "name": "intellij.platform.collaborationTools",
      "kind": "productModuleV2",
      "classPath": [
        "lib/modules/intellij.platform.collaborationTools.jar"
      ]
    },
    {
      "name": "intellij.platform.compose",
      "kind": "productModuleV2",
      "classPath": [
        "lib/modules/intellij.platform.compose.jar"
      ]
    },
    {
      "name": "intellij.platform.coverage",
      "kind": "productModuleV2",
      "classPath": [
        "lib/modules/intellij.platform.coverage.jar"
      ]
    },
    {
      "name": "intellij.platform.coverage.agent",
      "kind": "productModuleV2",
      "classPath": [
        "lib/modules/intellij.platform.coverage.agent.jar"
      ]
    },
    {
      "name": "intellij.platform.debugger.impl.backend",
      "kind": "productModuleV2",
      "classPath": [
        "lib/modules/intellij.platform.debugger.impl.backend.jar"
      ]
    },
    {
      "name": "intellij.platform.debugger.impl.frontend",
      "kind": "productModuleV2",
      "classPath": [
        "lib/modules/intellij.platform.debugger.impl.frontend.jar"
      ]
    },
    {
      "name": "intellij.platform.diagnostic.freezeAnalyzer",
      "kind": "productModuleV2",
      "classPath": [
        "lib/modules/intellij.platform.diagnostic.freezeAnalyzer.jar"
      ]
    },
    {
      "name": "intellij.platform.diagnostic.freezes",
      "kind": "productModuleV2",
      "classPath": [
        "lib/modules/intellij.platform.diagnostic.freezes.jar"
      ]
    },
    {
      "name": "intellij.platform.editor",
      "kind": "productModuleV2",
      "classPath": [
        "lib/modules/intellij.platform.editor.jar"
      ]
    },
    {
      "name": "intellij.platform.editor.backend",
      "kind": "productModuleV2",
      "classPath": [
        "lib/modules/intellij.platform.editor.backend.jar"
      ]
    },
    {
      "name": "intellij.platform.editor.frontend",
      "kind": "productModuleV2",
      "classPath": [
        "lib/modules/intellij.platform.editor.frontend.jar"
      ]
    },
    {
      "name": "intellij.platform.execution.dashboard",
      "kind": "productModuleV2",
      "classPath": [
        "lib/modules/intellij.platform.execution.dashboard.jar"
      ]
    },
    {
      "name": "intellij.platform.execution.serviceView",
      "kind": "productModuleV2",
      "classPath": [
        "lib/modules/intellij.platform.execution.serviceView.jar"
      ]
    },
    {
      "name": "intellij.platform.frontend",
      "kind": "productModuleV2",
      "classPath": [
        "lib/modules/intellij.platform.frontend.jar"
      ]
    },
    {
      "name": "intellij.platform.ide.newUiOnboarding",
      "kind": "productModuleV2",
      "classPath": [
        "lib/modules/intellij.platform.ide.newUiOnboarding.jar"
      ]
    },
    {
      "name": "intellij.platform.ide.newUsersOnboarding",
      "kind": "productModuleV2",
      "classPath": [
        "lib/modules/intellij.platform.ide.newUsersOnboarding.jar"
      ]
    },
    {
      "name": "intellij.platform.ijent.impl",
      "kind": "plugin",
      "classPath": [
        "plugins/platform-ijent-impl/lib/platform-ijent-impl.jar"
      ]
    },
    {
      "name": "intellij.platform.images.backend.svg",
      "kind": "productModuleV2",
      "classPath": [
        "lib/modules/intellij.platform.images.backend.svg.jar"
      ]
    },
    {
      "name": "intellij.platform.images.copyright",
      "kind": "productModuleV2",
      "classPath": [
        "lib/modules/intellij.platform.images.copyright.jar"
      ]
    },
    {
      "name": "intellij.platform.inline.completion",
      "kind": "productModuleV2",
      "classPath": [
        "lib/modules/intellij.platform.inline.completion.jar"
      ]
    },
    {
      "name": "intellij.platform.inline.completion.backend.split",
      "kind": "moduleV2",
      "classPath": [
        "plugins/cwm-plugin/lib/modules/intellij.platform.inline.completion.backend.split.jar"
      ]
    },
    {
      "name": "intellij.platform.inline.completion.split",
      "kind": "moduleV2",
      "classPath": [
        "plugins/cwm-plugin/lib/modules/intellij.platform.inline.completion.split.jar"
      ]
    },
    {
      "name": "intellij.platform.jewel.foundation",
      "kind": "productModuleV2",
      "classPath": [
        "lib/modules/intellij.platform.jewel.foundation.jar"
      ]
    },
    {
      "name": "intellij.platform.jewel.ideLafBridge",
      "kind": "productModuleV2",
      "classPath": [
        "lib/modules/intellij.platform.jewel.ideLafBridge.jar"
      ]
    },
    {
      "name": "intellij.platform.jewel.markdown.core",
      "kind": "productModuleV2",
      "classPath": [
        "lib/modules/intellij.platform.jewel.markdown.core.jar"
      ]
    },
    {
      "name": "intellij.platform.jewel.markdown.extension.gfmAlerts",
      "kind": "productModuleV2",
      "classPath": [
        "lib/modules/intellij.platform.jewel.markdown.extension.gfmAlerts.jar"
      ]
    },
    {
      "name": "intellij.platform.jewel.markdown.extension.gfmTables",
      "kind": "productModuleV2",
      "classPath": [
        "lib/modules/intellij.platform.jewel.markdown.extension.gfmTables.jar"
      ]
    },
    {
      "name": "intellij.platform.jewel.markdown.ideLafBridgeStyling",
      "kind": "productModuleV2",
      "classPath": [
        "lib/modules/intellij.platform.jewel.markdown.ideLafBridgeStyling.jar"
      ]
    },
    {
      "name": "intellij.platform.jewel.ui",
      "kind": "productModuleV2",
      "classPath": [
        "lib/modules/intellij.platform.jewel.ui.jar"
      ]
    },
    {
      "name": "intellij.platform.kernel.backend",
      "kind": "productModuleV2",
      "classPath": [
        "lib/modules/intellij.platform.kernel.backend.jar"
      ]
    },
    {
      "name": "intellij.platform.kernel.backend.split",
      "kind": "moduleV2",
      "classPath": [
        "plugins/cwm-plugin/lib/modules/intellij.platform.kernel.backend.split.jar"
      ]
    },
    {
      "name": "intellij.platform.lvcs.impl",
      "kind": "productModuleV2",
      "classPath": [
        "lib/modules/intellij.platform.lvcs.impl.jar"
      ]
    },
    {
      "name": "intellij.platform.navbar",
      "kind": "productModuleV2",
      "classPath": [
        "lib/modules/intellij.platform.navbar.jar"
      ]
    },
    {
      "name": "intellij.platform.navbar.backend",
      "kind": "productModuleV2",
      "classPath": [
        "lib/modules/intellij.platform.navbar.backend.jar"
      ]
    },
    {
      "name": "intellij.platform.navbar.backend.split",
      "kind": "moduleV2",
      "classPath": [
        "plugins/cwm-plugin/lib/modules/intellij.platform.navbar.backend.split.jar"
      ]
    },
    {
      "name": "intellij.platform.navbar.frontend",
      "kind": "productModuleV2",
      "classPath": [
        "lib/modules/intellij.platform.navbar.frontend.jar"
      ]
    },
    {
      "name": "intellij.platform.navbar.monolith",
      "kind": "productModuleV2",
      "classPath": [
        "lib/modules/intellij.platform.navbar.monolith.jar"
      ]
    },
    {
      "name": "intellij.platform.progress.backend",
      "kind": "productModuleV2",
      "classPath": [
        "lib/modules/intellij.platform.progress.backend.jar"
      ]
    },
    {
      "name": "intellij.platform.project.backend",
      "kind": "productModuleV2",
      "classPath": [
        "lib/modules/intellij.platform.project.backend.jar"
      ]
    },
    {
      "name": "intellij.platform.recentFiles",
      "kind": "productModuleV2",
      "classPath": [
        "lib/modules/intellij.platform.recentFiles.jar"
      ]
    },
    {
      "name": "intellij.platform.recentFiles.backend",
      "kind": "productModuleV2",
      "classPath": [
        "lib/modules/intellij.platform.recentFiles.backend.jar"
      ]
    },
    {
      "name": "intellij.platform.recentFiles.frontend",
      "kind": "productModuleV2",
      "classPath": [
        "lib/modules/intellij.platform.recentFiles.frontend.jar"
      ]
    },
    {
      "name": "intellij.platform.registry.cloud",
      "kind": "productModuleV2",
      "classPath": [
        "lib/modules/intellij.platform.registry.cloud.jar"
      ]
    },
    {
      "name": "intellij.platform.rpc.backend",
      "kind": "productModuleV2",
      "classPath": [
        "lib/modules/intellij.platform.rpc.backend.jar"
      ]
    },
    {
      "name": "intellij.platform.rpc.split",
      "kind": "moduleV2",
      "classPath": [
        "plugins/cwm-plugin/lib/modules/intellij.platform.rpc.split.jar"
      ]
    },
    {
      "name": "intellij.platform.searchEverywhere",
      "kind": "productModuleV2",
      "classPath": [
        "lib/modules/intellij.platform.searchEverywhere.jar"
      ]
    },
    {
      "name": "intellij.platform.searchEverywhere.backend",
      "kind": "productModuleV2",
      "classPath": [
        "lib/modules/intellij.platform.searchEverywhere.backend.jar"
      ]
    },
    {
      "name": "intellij.platform.searchEverywhere.frontend",
      "kind": "productModuleV2",
      "classPath": [
        "lib/modules/intellij.platform.searchEverywhere.frontend.jar"
      ]
    },
    {
      "name": "intellij.platform.settings.local",
      "kind": "productModuleV2",
      "classPath": [
        "lib/modules/intellij.platform.settings.local.jar"
      ]
    },
    {
      "name": "intellij.platform.smRunner.vcs",
      "kind": "productModuleV2",
      "classPath": [
        "lib/modules/intellij.platform.smRunner.vcs.jar"
      ]
    },
    {
      "name": "intellij.platform.statistics.devkit",
      "kind": "moduleV2"
    },
    {
      "name": "intellij.platform.tips",
      "kind": "productModuleV2",
      "classPath": [
        "lib/modules/intellij.platform.tips.jar"
      ]
    },
    {
      "name": "intellij.platform.vcs.backend.split",
      "kind": "moduleV2",
      "classPath": [
        "plugins/cwm-plugin/lib/modules/intellij.platform.vcs.backend.split.jar"
      ]
    },
    {
      "name": "intellij.platform.vcs.common.split",
      "kind": "moduleV2",
      "classPath": [
        "plugins/cwm-plugin/lib/modules/intellij.platform.vcs.common.split.jar"
      ]
    },
    {
      "name": "intellij.platform.vcs.dvcs.impl",
      "kind": "productModuleV2",
      "classPath": [
        "lib/modules/intellij.platform.vcs.dvcs.impl.jar"
      ]
    },
    {
      "name": "intellij.platform.vcs.dvcs.impl.shared",
      "kind": "productModuleV2",
      "classPath": [
        "lib/modules/intellij.platform.vcs.dvcs.impl.shared.jar"
      ]
    },
    {
      "name": "intellij.platform.vcs.impl",
      "kind": "productModuleV2",
      "classPath": [
        "lib/modules/intellij.platform.vcs.impl.jar"
      ]
    },
    {
      "name": "intellij.platform.vcs.impl.backend",
      "kind": "productModuleV2",
      "classPath": [
        "lib/modules/intellij.platform.vcs.impl.backend.jar"
      ]
    },
    {
      "name": "intellij.platform.vcs.impl.exec",
      "kind": "productModuleV2",
      "classPath": [
        "lib/modules/intellij.platform.vcs.impl.exec.jar"
      ]
    },
    {
      "name": "intellij.platform.vcs.impl.frontend",
      "kind": "productModuleV2",
      "classPath": [
        "lib/modules/intellij.platform.vcs.impl.frontend.jar"
      ]
    },
    {
      "name": "intellij.platform.vcs.impl.lang",
      "kind": "productModuleV2",
      "classPath": [
        "lib/modules/intellij.platform.vcs.impl.lang.jar"
      ]
    },
    {
      "name": "intellij.platform.vcs.impl.lang.actions",
      "kind": "productModuleV2",
      "classPath": [
        "lib/modules/intellij.platform.vcs.impl.lang.actions.jar"
      ]
    },
    {
      "name": "intellij.platform.vcs.impl.shared",
      "kind": "productModuleV2",
      "classPath": [
        "lib/modules/intellij.platform.vcs.impl.shared.jar"
      ]
    },
    {
      "name": "intellij.platform.vcs.log.impl",
      "kind": "productModuleV2",
      "classPath": [
        "lib/modules/intellij.platform.vcs.log.impl.jar"
      ]
    },
    {
      "name": "intellij.profiler.asyncOne",
      "kind": "moduleV2",
      "classPath": [
        "plugins/performanceTesting-async/lib/modules/intellij.profiler.asyncOne.jar"
      ]
    },
    {
      "name": "intellij.profiler.common",
      "kind": "moduleV2"
    },
    {
      "name": "intellij.profiler.ultimate.ideaAsyncProfiler",
      "kind": "moduleV2"
    },
    {
      "name": "intellij.properties/copyright",
      "kind": "moduleV2"
    },
    {
      "name": "intellij.qodana.coverage",
      "kind": "moduleV2"
    },
    {
      "name": "intellij.qodana.cpp",
      "kind": "moduleV2"
    },
    {
      "name": "intellij.qodana.go",
      "kind": "moduleV2"
    },
    {
      "name": "intellij.qodana.inspectionKts.js",
      "kind": "moduleV2"
    },
    {
      "name": "intellij.qodana.inspectionKts.kotlin",
      "kind": "moduleV2"
    },
    {
      "name": "intellij.qodana.js",
      "kind": "moduleV2"
    },
    {
      "name": "intellij.qodana.jvm.coverage",
      "kind": "moduleV2"
    },
    {
      "name": "intellij.qodana.jvm.dev",
      "kind": "moduleV2"
    },
    {
      "name": "intellij.qodana.jvm.gradle",
      "kind": "moduleV2"
    },
    {
      "name": "intellij.qodana.jvm.groovy",
      "kind": "moduleV2"
    },
    {
      "name": "intellij.qodana.jvm.java",
      "kind": "moduleV2"
    },
    {
      "name": "intellij.qodana.jvm.kotlin",
      "kind": "moduleV2"
    },
    {
      "name": "intellij.qodana.jvm.maven",
      "kind": "moduleV2"
    },
    {
      "name": "intellij.qodana.jvm.swagger",
      "kind": "moduleV2"
    },
    {
      "name": "intellij.qodana.php",
      "kind": "moduleV2"
    },
    {
      "name": "intellij.qodana.python",
      "kind": "moduleV2"
    },
    {
      "name": "intellij.qodana.sarif",
      "kind": "moduleV2",
      "classPath": [
        "plugins/qodana/lib/modules/intellij.qodana.sarif.jar"
      ]
    },
    {
      "name": "intellij.qodana/yaml",
      "kind": "moduleV2"
    },
    {
      "name": "intellij.scientific.tables",
      "kind": "moduleV2"
    },
    {
      "name": "intellij.scientific.tables.charts",
      "kind": "moduleV2"
    },
    {
      "name": "intellij.searchEverywhereMl.ranking.core",
      "kind": "moduleV2",
      "classPath": [
        "plugins/searchEverywhereMl/lib/modules/intellij.searchEverywhereMl.ranking.core.jar"
      ]
    },
    {
      "name": "intellij.searchEverywhereMl.ranking.ext",
      "kind": "moduleV2"
    },
    {
      "name": "intellij.searchEverywhereMl.ranking.java",
      "kind": "moduleV2"
    },
    {
      "name": "intellij.searchEverywhereMl.ranking.vcs",
      "kind": "moduleV2"
    },
    {
      "name": "intellij.searchEverywhereMl.ranking.yaml",
      "kind": "moduleV2"
    },
    {
      "name": "intellij.searchEverywhereMl.typos",
      "kind": "moduleV2"
    },
    {
      "name": "intellij.settingsSync.core",
      "kind": "productModuleV2",
      "classPath": [
        "lib/modules/intellij.settingsSync.core.jar"
      ]
    },
    {
      "name": "intellij.sh.copyright",
      "kind": "moduleV2"
    },
    {
      "name": "intellij.sh.markdown",
      "kind": "moduleV2"
    },
    {
      "name": "intellij.sh.python",
      "kind": "moduleV2"
    },
    {
      "name": "intellij.sh.terminal",
      "kind": "moduleV2"
    },
    {
      "name": "intellij.station.core",
      "kind": "moduleV2"
    },
    {
      "name": "intellij.station.frontend.split",
      "kind": "moduleV2",
      "classPath": [
        "plugins/station-plugin/lib/modules/intellij.station.frontend.split.jar"
      ]
    },
    {
      "name": "intellij.terminal.backend",
      "kind": "moduleV2"
    },
    {
      "name": "intellij.terminal.backend.split",
      "kind": "moduleV2",
      "classPath": [
        "plugins/cwm-plugin/lib/modules/intellij.terminal.backend.split.jar"
      ]
    },
    {
      "name": "intellij.terminal.frontend",
      "kind": "moduleV2"
    },
    {
      "name": "intellij.terminal.sh",
      "kind": "moduleV2"
    },
    {
      "name": "intellij.terminal/cloud",
      "kind": "moduleV2"
    },
    {
      "name": "intellij.toml.grazie",
      "kind": "moduleV2"
    },
    {
      "name": "intellij.toml.json",
      "kind": "moduleV2"
    },
    {
      "name": "intellij.turboComplete.languages.kotlin.k1",
      "kind": "moduleV2",
      "classPath": [
        "plugins/turboComplete/lib/modules/intellij.turboComplete.languages.kotlin.k1.jar"
      ]
    },
    {
      "name": "intellij.vcs.git.coverage",
      "kind": "moduleV2"
    },
    {
      "name": "intellij.vcs.git.featuresTrainer",
      "kind": "moduleV2"
    },
    {
      "name": "intellij.vcs.git/localHistory",
      "kind": "moduleV2",
      "classPath": [
        "plugins/vcs-git/lib/modules/intellij.vcs.git/localHistory.jar"
      ]
    },
    {
      "name": "intellij.vcs.git/newUiOnboarding",
      "kind": "moduleV2"
    },
    {
      "name": "intellij.vcs.git/terminal",
      "kind": "moduleV2"
    },
    {
      "name": "intellij.vcs.github",
      "kind": "moduleV2",
      "classPath": [
        "plugins/vcs-github-IC/lib/modules/intellij.vcs.github.jar"
      ]
    },
    {
      "name": "intellij.vcs.github.tracker",
      "kind": "moduleV2"
    },
    {
      "name": "intellij.vcs.gitlab",
      "kind": "moduleV2"
    },
    {
      "name": "intellij.vcs.gitlab.yaml",
      "kind": "moduleV2"
    },
    {
      "name": "intellij.webp",
      "kind": "plugin",
      "classPath": [
        "plugins/webp/lib/webp.jar"
      ]
    },
    {
      "name": "intellij.xml.xmlbeans",
      "kind": "productModuleV2",
      "classPath": [
        "lib/modules/intellij.xml.xmlbeans.jar"
      ]
    },
    {
      "name": "intellij.yaml",
      "kind": "moduleV2",
      "classPath": [
        "plugins/yaml/lib/modules/intellij.yaml.jar"
      ]
    },
    {
      "name": "intellij.yaml.backend",
      "kind": "moduleV2",
      "classPath": [
        "plugins/yaml/lib/modules/intellij.yaml.backend.jar"
      ]
    },
    {
      "name": "intellij.yaml.frontend.split",
      "kind": "moduleV2",
      "classPath": [
        "plugins/yaml/lib/modules/intellij.yaml.frontend.split.jar"
      ]
    },
    {
      "name": "kotlin.base.analysis-api-platform",
      "kind": "moduleV2"
    },
    {
      "name": "kotlin.base.external-build-system",
      "kind": "moduleV2"
    },
    {
      "name": "kotlin.base.fe10.analysis-api-platform",
      "kind": "moduleV2"
    },
    {
      "name": "kotlin.base.fe10.plugin",
      "kind": "moduleV2"
    },
    {
      "name": "kotlin.base.fe10.project-structure",
      "kind": "moduleV2"
    },
    {
      "name": "kotlin.base.injection",
      "kind": "moduleV2"
    },
    {
      "name": "kotlin.code-insight.inspections.k1",
      "kind": "moduleV2"
    },
    {
      "name": "kotlin.code-insight.inspections.shared",
      "kind": "moduleV2"
    },
    {
      "name": "kotlin.code-insight.intentions.shared",
      "kind": "moduleV2"
    },
    {
      "name": "kotlin.code-insight.k1",
      "kind": "moduleV2"
    },
    {
      "name": "kotlin.code-insight.live-templates.k1",
      "kind": "moduleV2"
    },
    {
      "name": "kotlin.code-insight.live-templates.shared",
      "kind": "moduleV2"
    },
    {
      "name": "kotlin.code-insight.postfix-templates.k1",
      "kind": "moduleV2"
    },
    {
      "name": "kotlin.code-insight.structural-search.k1",
      "kind": "moduleV2"
    },
    {
      "name": "kotlin.compiler-plugins.allopen.gradle",
      "kind": "moduleV2"
    },
    {
      "name": "kotlin.compiler-plugins.allopen.maven",
      "kind": "moduleV2"
    },
    {
      "name": "kotlin.compiler-plugins.assignment.common.k1",
      "kind": "moduleV2"
    },
    {
      "name": "kotlin.compiler-plugins.assignment.gradle",
      "kind": "moduleV2"
    },
    {
      "name": "kotlin.compiler-plugins.assignment.maven",
      "kind": "moduleV2"
    },
    {
      "name": "kotlin.compiler-plugins.compiler-plugin-support.gradle",
      "kind": "moduleV2"
    },
    {
      "name": "kotlin.compiler-plugins.compiler-plugin-support.maven",
      "kind": "moduleV2"
    },
    {
      "name": "kotlin.compiler-plugins.kapt",
      "kind": "moduleV2"
    },
    {
      "name": "kotlin.compiler-plugins.kotlinx-serialization.gradle",
      "kind": "moduleV2"
    },
    {
      "name": "kotlin.compiler-plugins.kotlinx-serialization.maven",
      "kind": "moduleV2"
    },
    {
      "name": "kotlin.compiler-plugins.lombok.gradle",
      "kind": "moduleV2"
    },
    {
      "name": "kotlin.compiler-plugins.lombok.maven",
      "kind": "moduleV2"
    },
    {
      "name": "kotlin.compiler-plugins.noarg.gradle",
      "kind": "moduleV2"
    },
    {
      "name": "kotlin.compiler-plugins.noarg.maven",
      "kind": "moduleV2"
    },
    {
      "name": "kotlin.compiler-plugins.parcelize.gradle",
      "kind": "moduleV2"
    },
    {
      "name": "kotlin.compiler-plugins.sam-with-receiver.gradle",
      "kind": "moduleV2"
    },
    {
      "name": "kotlin.compiler-plugins.sam-with-receiver.maven",
      "kind": "moduleV2"
    },
    {
      "name": "kotlin.compiler-plugins.scripting",
      "kind": "moduleV2"
    },
    {
      "name": "kotlin.compiler-reference-index",
      "kind": "moduleV2"
    },
    {
      "name": "kotlin.copyright",
      "kind": "moduleV2"
    },
    {
      "name": "kotlin.coverage",
      "kind": "moduleV2"
    },
    {
      "name": "kotlin.features-trainer",
      "kind": "moduleV2"
    },
    {
      "name": "kotlin.git",
      "kind": "moduleV2"
    },
    {
      "name": "kotlin.gradle.code-insight-common",
      "kind": "moduleV2"
    },
    {
      "name": "kotlin.gradle.code-insight-groovy",
      "kind": "moduleV2"
    },
    {
      "name": "kotlin.gradle.code-insight-toml",
      "kind": "moduleV2"
    },
    {
      "name": "kotlin.gradle.gradle",
      "kind": "moduleV2"
    },
    {
      "name": "kotlin.gradle.gradle-java",
      "kind": "moduleV2"
    },
    {
      "name": "kotlin.gradle.gradle-java.k1",
      "kind": "moduleV2"
    },
    {
      "name": "kotlin.gradle.gradle-tooling",
      "kind": "moduleV2"
    },
    {
      "name": "kotlin.grazie",
      "kind": "moduleV2"
    },
    {
      "name": "kotlin.i18n",
      "kind": "moduleV2"
    },
    {
      "name": "kotlin.injection.k1",
      "kind": "moduleV2"
    },
    {
      "name": "kotlin.j2k.k1.new.post-processing",
      "kind": "moduleV2"
    },
    {
      "name": "kotlin.j2k.k1.old.post-processing",
      "kind": "moduleV2"
    },
    {
      "name": "kotlin.jvm-debugger.sequence.k1",
      "kind": "moduleV2"
    },
    {
      "name": "kotlin.jvm-decompiler",
      "kind": "moduleV2"
    },
    {
      "name": "kotlin.maven",
      "kind": "moduleV2"
    },
    {
      "name": "kotlin.ml-completion",
      "kind": "moduleV2"
    },
    {
      "name": "kotlin.onboarding",
      "kind": "moduleV2"
    },
    {
      "name": "kotlin.onboarding.gradle",
      "kind": "moduleV2"
    },
    {
      "name": "kotlin.performanceExtendedPlugin",
      "kind": "moduleV2"
    },
    {
      "name": "kotlin.project-wizard.compose",
      "kind": "moduleV2"
    },
    {
      "name": "kotlin.project-wizard.gradle",
      "kind": "moduleV2"
    },
    {
      "name": "kotlin.project-wizard.idea",
      "kind": "moduleV2"
    },
    {
      "name": "kotlin.project-wizard.idea.k1",
      "kind": "moduleV2"
    },
    {
      "name": "kotlin.project-wizard.maven",
      "kind": "moduleV2"
    },
    {
      "name": "kotlin.run-configurations.junit",
      "kind": "moduleV2"
    },
    {
      "name": "kotlin.run-configurations.junit-fe10",
      "kind": "moduleV2"
    },
    {
      "name": "kotlin.run-configurations.jvm",
      "kind": "moduleV2"
    },
    {
      "name": "kotlin.run-configurations.testng",
      "kind": "moduleV2"
    },
    {
      "name": "org.editorconfig.editorconfigjetbrains",
      "kind": "plugin",
      "classPath": [
        "plugins/editorconfig/lib/editorconfig.jar"
      ]
    },
    {
      "name": "org.intellij.groovy",
      "kind": "plugin",
      "classPath": [
        "plugins/Groovy/lib/Groovy.jar",
        "plugins/Groovy/lib/groovy-rt.jar",
        "plugins/Groovy/lib/groovy-jps.jar",
        "plugins/Groovy/lib/groovy-spock-rt.jar",
        "plugins/Groovy/lib/groovy-constants-rt.jar",
        "plugins/Groovy/lib/groovy-rt-class-loader.jar"
      ]
    },
    {
      "name": "org.intellij.intelliLang",
      "kind": "plugin",
      "classPath": [
        "plugins/platform-langInjection/lib/platform-langInjection.jar",
        "plugins/platform-langInjection/lib/java-langInjection-jps.jar"
      ]
    },
    {
      "name": "org.intellij.plugins.markdown",
      "kind": "plugin",
      "classPath": [
        "plugins/markdown/lib/markdown.jar"
      ]
    },
    {
      "name": "org.intellij.qodana",
      "kind": "plugin",
      "classPath": [
        "plugins/qodana/lib/qodana.jar"
      ]
    },
    {
      "name": "org.jetbrains.completion.full.line",
      "kind": "plugin",
      "classPath": [
        "plugins/fullLine/lib/fullLine.jar"
      ]
    },
    {
      "name": "org.jetbrains.debugger.streams",
      "kind": "plugin",
      "classPath": [
        "plugins/java-debugger-streams/lib/java-debugger-streams.jar"
      ]
    },
    {
      "name": "org.jetbrains.idea.eclipse",
      "kind": "plugin",
      "classPath": [
        "plugins/eclipse/lib/eclipse.jar",
        "plugins/eclipse/lib/eclipse-jps.jar",
        "plugins/eclipse/lib/eclipse-common.jar"
      ]
    },
    {
      "name": "org.jetbrains.idea.gradle.dsl",
      "kind": "plugin",
      "classPath": [
        "plugins/android-gradle-dsl/lib/android-gradle-dsl.jar"
      ]
    },
    {
      "name": "org.jetbrains.idea.maven",
      "kind": "plugin",
      "classPath": [
        "plugins/maven/lib/maven.jar",
        "plugins/maven/lib/maven-jps.jar",
        "plugins/maven/lib/maven3-server.jar",
        "plugins/maven/lib/maven36-server.jar",
        "plugins/maven/lib/maven40-server.jar",
        "plugins/maven/lib/maven3-server-common.jar",
        "plugins/maven/lib/maven-server-indexer.jar",
        "plugins/maven/lib/maven-event-listener.jar",
        "plugins/maven/lib/maven-server-telemetry.jar",
        "plugins/maven/lib/artifact-resolver-m31.jar"
      ]
    },
    {
      "name": "org.jetbrains.idea.maven.model",
      "kind": "plugin",
      "classPath": [
        "plugins/maven-model/lib/maven-model.jar"
      ]
    },
    {
      "name": "org.jetbrains.idea.maven.server.api",
      "kind": "plugin",
      "classPath": [
        "plugins/maven-server/lib/maven-server.jar"
      ]
    },
    {
      "name": "org.jetbrains.idea.reposearch",
      "kind": "plugin",
      "classPath": [
        "plugins/repository-search/lib/repository-search.jar"
      ]
    },
    {
      "name": "org.jetbrains.java.decompiler",
      "kind": "plugin",
      "classPath": [
        "plugins/java-decompiler/lib/java-decompiler.jar"
      ]
    },
    {
      "name": "org.jetbrains.kotlin",
      "kind": "plugin",
      "classPath": [
        "plugins/Kotlin/lib/kotlin-plugin.jar",
        "plugins/Kotlin/lib/kotlin-base-jps.jar",
        "plugins/Kotlin/lib/kotlin-plugin-shared.jar",
        "plugins/Kotlin/lib/kotlin-gradle-tooling.jar",
        "plugins/Kotlin/lib/kotlinc.kotlin-jps-common.jar",
        "plugins/Kotlin/lib/kotlinc.kotlin-compiler-ir.jar",
        "plugins/Kotlin/lib/kotlinc.kotlin-compiler-fe10.jar",
        "plugins/Kotlin/lib/kotlinc.noarg-compiler-plugin.jar",
        "plugins/Kotlin/lib/kotlinc.kotlin-compiler-common.jar",
        "plugins/Kotlin/lib/kotlinc.lombok-compiler-plugin.jar",
        "plugins/Kotlin/lib/kotlinc.allopen-compiler-plugin.jar",
        "plugins/Kotlin/lib/kotlinc.compose-compiler-plugin.jar",
        "plugins/Kotlin/lib/kotlinc.parcelize-compiler-plugin.jar",
        "plugins/Kotlin/lib/kotlinc.scripting-compiler-plugin.jar",
        "plugins/Kotlin/lib/kotlinc.assignment-compiler-plugin.jar",
        "plugins/Kotlin/lib/kotlinc.js-plain-objects-compiler-plugin.jar",
        "plugins/Kotlin/lib/kotlinc.sam-with-receiver-compiler-plugin.jar",
        "plugins/Kotlin/lib/kotlinc.android-extensions-compiler-plugin.jar",
        "plugins/Kotlin/lib/kotlinc.kotlinx-serialization-compiler-plugin.jar"
      ]
    },
    {
      "name": "org.jetbrains.platform.debugger.streams",
      "kind": "plugin",
      "classPath": [
        "plugins/debugger-streams-core/lib/debugger-streams-core.jar"
      ]
    },
    {
      "name": "org.jetbrains.plugins.emojipicker",
      "kind": "plugin",
      "classPath": [
        "plugins/emojipicker/lib/emojipicker.jar"
      ]
    },
    {
      "name": "org.jetbrains.plugins.github",
      "kind": "plugin",
      "classPath": [
        "plugins/vcs-github-IC/lib/vcs-github.jar"
      ]
    },
    {
      "name": "org.jetbrains.plugins.gitlab",
      "kind": "plugin",
      "classPath": [
        "plugins/vcs-gitlab-IC/lib/vcs-gitlab.jar"
      ]
    },
    {
      "name": "org.jetbrains.plugins.gradle",
      "kind": "plugin",
      "classPath": [
        "plugins/gradle-java/lib/gradle-java.jar",
        "plugins/gradle-java/lib/gradle-jps.jar"
      ]
    },
    {
      "name": "org.jetbrains.plugins.gradle.analysis",
      "kind": "plugin",
      "classPath": [
        "plugins/gradle-analysis/lib/gradle-analysis.jar"
      ]
    },
    {
      "name": "org.jetbrains.plugins.gradle.dependency.updater",
      "kind": "plugin",
      "classPath": [
        "plugins/gradle-dependencyUpdater/lib/gradle-dependencyUpdater.jar"
      ]
    },
    {
      "name": "org.jetbrains.plugins.gradle.java",
      "kind": "pluginAlias"
    },
    {
      "name": "org.jetbrains.plugins.gradle.maven",
      "kind": "plugin",
      "classPath": [
        "plugins/gradle-java-maven/lib/gradle-java-maven.jar"
      ]
    },
    {
      "name": "org.jetbrains.plugins.javaFX",
      "kind": "plugin",
      "classPath": [
        "plugins/javaFX/lib/javaFX.jar",
        "plugins/javaFX/lib/javaFX-jps.jar",
        "plugins/javaFX/lib/javaFX-common.jar"
      ]
    },
    {
      "name": "org.jetbrains.plugins.kotlin.jupyter",
      "kind": "plugin",
      "classPath": [
        "plugins/kotlin-jupyter-plugin/lib/kotlin-jupyter-plugin.jar"
      ]
    },
    {
      "name": "org.jetbrains.plugins.terminal",
      "kind": "plugin",
      "classPath": [
        "plugins/terminal/lib/terminal.jar"
      ]
    },
    {
      "name": "org.jetbrains.plugins.textmate",
      "kind": "plugin",
      "classPath": [
        "plugins/textmate/lib/textmate.jar"
      ]
    },
    {
      "name": "org.jetbrains.plugins.yaml",
      "kind": "plugin",
      "classPath": [
        "plugins/yaml/lib/yaml.jar"
      ]
    },
    {
      "name": "org.jetbrains.security.package-checker",
      "kind": "plugin",
      "classPath": [
        "plugins/packageChecker/lib/packageChecker.jar"
      ]
    },
    {
      "name": "org.toml.lang",
      "kind": "plugin",
      "classPath": [
        "plugins/toml/lib/toml.jar",
        "plugins/toml/lib/toml-frontend.jar"
      ]
    },
    {
      "name": "tanvd.grazi",
      "kind": "plugin",
      "classPath": [
        "plugins/grazie/lib/grazie.jar"
      ]
    },
    {
      "name": "training",
      "kind": "plugin",
      "classPath": [
        "plugins/featuresTrainer/lib/featuresTrainer.jar"
      ]
    }
  ]
}